Ville;Région;Pays;Zone géographique;ID Zone Géo
Thiais;Île-de-France;France;Centre;2
Chaville;Île-de-France;France;Centre;2
Taverny;Île-de-France;France;Centre;2
Viroflay;Île-de-France;France;Centre;2
Paris;Île-de-France;France;Centre;2
Pantin;Île-de-France;France;Centre;2
Houilles;Île-de-France;France;Centre;2
Vitry-sur-Seine;Île-de-France;France;Centre;2
Villiers-le-Bel;Île-de-France;France;Centre;2
Pontault-Combault;Île-de-France;France;Centre;2
Mantes-la-Jolie;Île-de-France;France;Centre;2
Vigneux-sur-Seine;Île-de-France;France;Centre;2
Fontenay-aux-Roses;Île-de-France;France;Centre;2
Deuil-la-Barre;Île-de-France;France;Centre;2
Chilly-Mazarin;Île-de-France;France;Centre;2
Antony;Île-de-France;France;Centre;2
Drancy;Île-de-France;France;Centre;2
Issy-les-Moulineaux;Île-de-France;France;Centre;2
Coulommiers;Île-de-France;France;Centre;2
Évry;Île-de-France;France;Centre;2
Aulnay-sous-Bois;Île-de-France;France;Centre;2
Ermont;Île-de-France;France;Centre;2
Montfermeil;Île-de-France;France;Centre;2
Champigny-sur-Marne;Île-de-France;France;Centre;2
Palaiseau;Île-de-France;France;Centre;2
Livry-Gargan;Île-de-France;France;Centre;2
Levallois-Perret;Île-de-France;France;Centre;2
Bezons;Île-de-France;France;Centre;2
Vincennes;Île-de-France;France;Centre;2
Sarcelles;Île-de-France;France;Centre;2
Moissy-Cramayel;Île-de-France;France;Centre;2
Argenteuil;Île-de-France;France;Centre;2
Les Lilas;Île-de-France;France;Centre;2
Saint-Ouen;Île-de-France;France;Centre;2
Cergy;Île-de-France;France;Centre;2
Osny;Île-de-France;France;Centre;2
Neuilly-sur-Seine;Île-de-France;France;Centre;2
Cormeilles-en-Parisis;Île-de-France;France;Centre;2
Nanterre;Île-de-France;France;Centre;2
Domont;Île-de-France;France;Centre;2
Conflans-Sainte-Honorine;Île-de-France;France;Centre;2
Sevran;Île-de-France;France;Centre;2
Montesson;Île-de-France;France;Centre;2
Saint-Cloud;Île-de-France;France;Centre;2
Le Plessis-Robinson;Île-de-France;France;Centre;2
Saint-Denis;Île-de-France;France;Centre;2
Yerres;Île-de-France;France;Centre;2
Boulogne-Billancourt;Île-de-France;France;Centre;2
Guyancourt;Île-de-France;France;Centre;2
Aubervilliers;Île-de-France;France;Centre;2
Alfortville;Île-de-France;France;Centre;2
Massy;Île-de-France;France;Centre;2
Le Chesnay;Île-de-France;France;Centre;2
Pontoise;Île-de-France;France;Centre;2
Garches;Île-de-France;France;Centre;2
Trappes;Île-de-France;France;Centre;2
Versailles;Île-de-France;France;Centre;2
Bobigny;Île-de-France;France;Centre;2
Montreuil;Île-de-France;France;Centre;2
Clamart;Île-de-France;France;Centre;2
Pierrefitte-sur-Seine;Île-de-France;France;Centre;2
Noisy-le-Sec;Île-de-France;France;Centre;2
Maisons-Laffitte;Île-de-France;France;Centre;2
Courbevoie;Île-de-France;France;Centre;2
Mitry-Mory;Île-de-France;France;Centre;2
Longjumeau;Île-de-France;France;Centre;2
Sceaux;Île-de-France;France;Centre;2
Gennevilliers;Île-de-France;France;Centre;2
Bagneux;Île-de-France;France;Centre;2
Villemomble;Île-de-France;France;Centre;2
Montmorency;Île-de-France;France;Centre;2
Avon;Île-de-France;France;Centre;2
Bagnolet;Île-de-France;France;Centre;2
Mantes-la-Ville;Île-de-France;France;Centre;2
Les Mureaux;Île-de-France;France;Centre;2
Meaux;Île-de-France;France;Centre;2
Tremblay-en-France;Île-de-France;France;Centre;2
Bonneuil-sur-Marne;Île-de-France;France;Centre;2
Franconville;Île-de-France;France;Centre;2
Villeneuve-la-Garenne;Île-de-France;France;Centre;2
Saint-Germain-en-Laye;Île-de-France;France;Centre;2
Gagny;Île-de-France;France;Centre;2
Rosny-sous-Bois;Île-de-France;France;Centre;2
Bondy;Île-de-France;France;Centre;2
Corbeil-Essonnes;Île-de-France;France;Centre;2
Malakoff;Île-de-France;France;Centre;2
Neuilly-sur-Marne;Île-de-France;France;Centre;2
Villejuif;Île-de-France;France;Centre;2
Clichy-sous-Bois;Île-de-France;France;Centre;2
Bry-sur-Marne;Île-de-France;France;Centre;2
Suresnes;Île-de-France;France;Centre;2
Le Pré-Saint-Gervais;Île-de-France;France;Centre;2
Meudon;Île-de-France;France;Centre;2
Roissy-en-Brie;Île-de-France;France;Centre;2
Neuilly-Plaisance;Île-de-France;France;Centre;2
Clichy;Île-de-France;France;Centre;2
Chelles;Île-de-France;France;Centre;2
Rueil-Malmaison;Île-de-France;France;Centre;2
Le Blanc-Mesnil;Île-de-France;France;Centre;2
Noisy-le-Grand;Île-de-France;France;Centre;2
Goussainville;Île-de-France;France;Centre;2
Saint-Gratien;Île-de-France;France;Centre;2
Colombes;Île-de-France;France;Centre;2
Grigny;Île-de-France;France;Centre;2
Vanves;Île-de-France;France;Centre;2
Limay;Île-de-France;France;Centre;2
Fresnes;Île-de-France;France;Centre;2
Maisons-Alfort;Île-de-France;France;Centre;2
Les Ulis;Île-de-France;France;Centre;2
Gonesse;Île-de-France;France;Centre;2
Villiers-sur-Marne;Île-de-France;France;Centre;2
Villeneuve-Saint-Georges;Île-de-France;France;Centre;2
Saint-Michel-sur-Orge;Île-de-France;France;Centre;2
Montigny-le-Bretonneux;Île-de-France;France;Centre;2
Choisy-le-Roi;Île-de-France;France;Centre;2
Sannois;Île-de-France;France;Centre;2
Montrouge;Île-de-France;France;Centre;2
Rambouillet;Île-de-France;France;Centre;2
Plaisir;Île-de-France;France;Centre;2
Fontenay-sous-Bois;Île-de-France;France;Centre;2
Fontainebleau;Île-de-France;France;Centre;2
Villeneuve-le-Roi;Île-de-France;France;Centre;2
Ivry-sur-Seine;Île-de-France;France;Centre;2
Athis-Mons;Île-de-France;France;Centre;2
Montereau-Fault-Yonne;Île-de-France;France;Centre;2
Les Pavillons-sous-Bois;Île-de-France;France;Centre;2
Stains;Île-de-France;France;Centre;2
Poissy;Île-de-France;France;Centre;2
Chevilly-Larue;Île-de-France;France;Centre;2
Lagny-sur-Marne;Île-de-France;France;Centre;2
Sartrouville;Île-de-France;France;Centre;2
Montgeron;Île-de-France;France;Centre;2
Sucy-en-Brie;Île-de-France;France;Centre;2
La Celle-Saint-Cloud;Île-de-France;France;Centre;2
Orsay;Île-de-France;France;Centre;2
Puteaux;Île-de-France;France;Centre;2
Melun;Île-de-France;France;Centre;2
Chatou;Île-de-France;France;Centre;2
Cachan;Île-de-France;France;Centre;2
Éragny;Île-de-France;France;Centre;2
Savigny-le-Temple;Île-de-France;France;Centre;2
Marly-le-Roi;Île-de-France;France;Centre;2
Villeparisis;Île-de-France;France;Centre;2
Torcy;Île-de-France;France;Centre;2
Ris-Orangis;Île-de-France;France;Centre;2
Les Clayes-sous-Bois;Île-de-France;France;Centre;2
Le Bouscat;Aquitaine-Limousin-Poitou-Charentes;France;Centre;2
Strasbourg;Alsace-Champagne-Ardenne-Lorraine;France;Centre;2
Dijon;Bourgogne-Franche-Comté;France;Centre;2
Argentan;Normandie;France;Centre;2
Bayeux;Normandie;France;Centre;2
Saint-Genis-Laval;Auvergne-Rhône-Alpes;France;Centre;2
Beaune;Bourgogne-Franche-Comté;France;Centre;2
Antibes;Provence-Alpes-Côte d'Azur;France;Centre;2
Abbeville;Nord-Pas-de-Calais-Picardie;France;Centre;2
Brest;Bretagne;France;Centre;2
Nancy;Alsace-Champagne-Ardenne-Lorraine;France;Centre;2
Cannes;Provence-Alpes-Côte d'Azur;France;Centre;2
Marseille;Provence-Alpes-Côte d'Azur;France;Centre;2
Pessac;Aquitaine-Limousin-Poitou-Charentes;France;Centre;2
Albertville;Auvergne-Rhône-Alpes;France;Centre;2
Perpignan;Languedoc-Roussillon-Midi-Pyrénées;France;Centre;2
Amiens;Nord-Pas-de-Calais-Picardie;France;Centre;2
Metz;Alsace-Champagne-Ardenne-Lorraine;France;Centre;2
Grasse;Provence-Alpes-Côte d'Azur;France;Centre;2
Saint-Nazaire;Pays de la Loire;France;Centre;2
Saint-Brieuc;Bretagne;France;Centre;2
Haguenau;Alsace-Champagne-Ardenne-Lorraine;France;Centre;2
Colmar;Alsace-Champagne-Ardenne-Lorraine;France;Centre;2
Belfort;Bourgogne-Franche-Comté;France;Centre;2
Avignon;Provence-Alpes-Côte d'Azur;France;Centre;2
Talence;Aquitaine-Limousin-Poitou-Charentes;France;Centre;2
Pertuis;Provence-Alpes-Côte d'Azur;France;Centre;2
Schiltigheim;Alsace-Champagne-Ardenne-Lorraine;France;Centre;2
Tours;Centre-Val de Loire;France;Centre;2
La Crau;Provence-Alpes-Côte d'Azur;France;Centre;2
Chartres;Centre-Val de Loire;France;Centre;2
Limoges;Aquitaine-Limousin-Poitou-Charentes;France;Centre;2
Valence;Auvergne-Rhône-Alpes;France;Centre;2
Bordeaux;Aquitaine-Limousin-Poitou-Charentes;France;Centre;2
Fontaine;Auvergne-Rhône-Alpes;France;Centre;2
Villeneuve-sur-Lot;Aquitaine-Limousin-Poitou-Charentes;France;Centre;2
Villeurbanne;Auvergne-Rhône-Alpes;France;Centre;2
Bourges;Centre-Val de Loire;France;Centre;2
Mont-de-Marsan;Aquitaine-Limousin-Poitou-Charentes;France;Centre;2
Nice;Provence-Alpes-Côte d'Azur;France;Centre;2
Saint-Avold;Alsace-Champagne-Ardenne-Lorraine;France;Centre;2
Pau;Aquitaine-Limousin-Poitou-Charentes;France;Centre;2
Mâcon;Bourgogne-Franche-Comté;France;Centre;2
Arras;Nord-Pas-de-Calais-Picardie;France;Centre;2
Marignane;Provence-Alpes-Côte d'Azur;France;Centre;2
Muret;Languedoc-Roussillon-Midi-Pyrénées;France;Centre;2
Saint-Malo;Bretagne;France;Centre;2
Meyzieu;Auvergne-Rhône-Alpes;France;Centre;2
Cholet;Pays de la Loire;France;Centre;2
Avion;Nord-Pas-de-Calais-Picardie;France;Centre;2
Saint-Priest;Auvergne-Rhône-Alpes;France;Centre;2
Nantes;Pays de la Loire;France;Centre;2
Montargis;Centre-Val de Loire;France;Centre;2
Montpellier;Languedoc-Roussillon-Midi-Pyrénées;France;Centre;2
Toulouse;Languedoc-Roussillon-Midi-Pyrénées;France;Centre;2
Angers;Pays de la Loire;France;Centre;2
Épinal;Alsace-Champagne-Ardenne-Lorraine;France;Centre;2
Lyon;Auvergne-Rhône-Alpes;France;Centre;2
Beauvais;Nord-Pas-de-Calais-Picardie;France;Centre;2
Laval;Pays de la Loire;France;Centre;2
Forbach;Alsace-Champagne-Ardenne-Lorraine;France;Centre;2
Annecy;Auvergne-Rhône-Alpes;France;Centre;2
Quimper;Bretagne;France;Centre;2
Carcassonne;Languedoc-Roussillon-Midi-Pyrénées;France;Centre;2
Carpentras;Provence-Alpes-Côte d'Azur;France;Centre;2
Cognac;Aquitaine-Limousin-Poitou-Charentes;France;Centre;2
Reims;Alsace-Champagne-Ardenne-Lorraine;France;Centre;2
Six-Fours-les-Plages;Provence-Alpes-Côte d'Azur;France;Centre;2
Toulon;Provence-Alpes-Côte d'Azur;France;Centre;2
Colomiers;Languedoc-Roussillon-Midi-Pyrénées;France;Centre;2
Narbonne;Languedoc-Roussillon-Midi-Pyrénées;France;Centre;2
Clermont-Ferrand;Auvergne-Rhône-Alpes;France;Centre;2
Firminy;Auvergne-Rhône-Alpes;France;Centre;2
Vesoul;Bourgogne-Franche-Comté;France;Centre;2
Menton;Provence-Alpes-Côte d'Azur;France;Centre;2
Caen;Normandie;France;Centre;2
Bron;Auvergne-Rhône-Alpes;France;Centre;2
Niort;Aquitaine-Limousin-Poitou-Charentes;France;Centre;2
Blois;Centre-Val de Loire;France;Centre;2
Le Mans;Pays de la Loire;France;Centre;2
Lorient;Bretagne;France;Centre;2
Sarreguemines;Alsace-Champagne-Ardenne-Lorraine;France;Centre;2
Mougins;Provence-Alpes-Côte d'Azur;France;Centre;2
Toul;Alsace-Champagne-Ardenne-Lorraine;France;Centre;2
Digne-les-Bains;Provence-Alpes-Côte d'Azur;France;Centre;2
Ajaccio;Corse;France;Centre;2
Tulle;Aquitaine-Limousin-Poitou-Charentes;France;Centre;2
Berck;Nord-Pas-de-Calais-Picardie;France;Centre;2
Boulogne-sur-Mer;Nord-Pas-de-Calais-Picardie;France;Centre;2
Mulhouse;Alsace-Champagne-Ardenne-Lorraine;France;Centre;2
Saint-Chamond;Auvergne-Rhône-Alpes;France;Centre;2
Vallauris;Provence-Alpes-Côte d'Azur;France;Centre;2
Échirolles;Auvergne-Rhône-Alpes;France;Centre;2
Bar-le-Duc;Alsace-Champagne-Ardenne-Lorraine;France;Centre;2
Dax;Aquitaine-Limousin-Poitou-Charentes;France;Centre;2
Saint-Laurent-du-Var;Provence-Alpes-Côte d'Azur;France;Centre;2
Castres;Languedoc-Roussillon-Midi-Pyrénées;France;Centre;2
La Roche-sur-Yon;Pays de la Loire;France;Centre;2
La Seyne-sur-Mer;Provence-Alpes-Côte d'Azur;France;Centre;2
Gradignan;Aquitaine-Limousin-Poitou-Charentes;France;Centre;2
Oyonnax;Auvergne-Rhône-Alpes;France;Centre;2
Frontignan;Languedoc-Roussillon-Midi-Pyrénées;France;Centre;2
Agen;Aquitaine-Limousin-Poitou-Charentes;France;Centre;2
Tarbes;Languedoc-Roussillon-Midi-Pyrénées;France;Centre;2
Cluses;Auvergne-Rhône-Alpes;France;Centre;2
Chaumont;Alsace-Champagne-Ardenne-Lorraine;France;Centre;2
Montauban;Languedoc-Roussillon-Midi-Pyrénées;France;Centre;2
Les Pennes-Mirabeau;Provence-Alpes-Côte d'Azur;France;Centre;2
Anglet;Aquitaine-Limousin-Poitou-Charentes;France;Centre;2
Bastia;Corse;France;Centre;2
Grenoble;Auvergne-Rhône-Alpes;France;Centre;2
Sète;Languedoc-Roussillon-Midi-Pyrénées;France;Centre;2
Istres;Provence-Alpes-Côte d'Azur;France;Centre;2
Villefontaine;Auvergne-Rhône-Alpes;France;Centre;2
Dieppe;Normandie;France;Centre;2
Calais;Nord-Pas-de-Calais-Picardie;France;Centre;2
La Ciotat;Provence-Alpes-Côte d'Azur;France;Centre;2
Aix-en-Provence;Provence-Alpes-Côte d'Azur;France;Centre;2
Martigues;Provence-Alpes-Côte d'Azur;France;Centre;2
Thonon-les-Bains;Auvergne-Rhône-Alpes;France;Centre;2
Roanne;Auvergne-Rhône-Alpes;France;Centre;2
Arles;Provence-Alpes-Côte d'Azur;France;Centre;2
Elbeuf;Normandie;France;Centre;2
Évreux;Normandie;France;Centre;2
Carquefou;Pays de la Loire;France;Centre;2
Thionville;Alsace-Champagne-Ardenne-Lorraine;France;Centre;2
Annonay;Auvergne-Rhône-Alpes;France;Centre;2
Les Herbiers;Pays de la Loire;France;Centre;2
Lons-le-Saunier;Bourgogne-Franche-Comté;France;Centre;2
Gap;Provence-Alpes-Côte d'Azur;France;Centre;2
Pontivy;Bretagne;France;Centre;2
Cambrai;Nord-Pas-de-Calais-Picardie;France;Centre;2
Carvin;Nord-Pas-de-Calais-Picardie;France;Centre;2
Saint-Herblain;Pays de la Loire;France;Centre;2
Albi;Languedoc-Roussillon-Midi-Pyrénées;France;Centre;2
Villenave-d'Ornon;Aquitaine-Limousin-Poitou-Charentes;France;Centre;2
Rochefort;Aquitaine-Limousin-Poitou-Charentes;France;Centre;2
La Rochelle;Aquitaine-Limousin-Poitou-Charentes;France;Centre;2
Bourg-en-Bresse;Auvergne-Rhône-Alpes;France;Centre;2
Coudekerque-Branche;Nord-Pas-de-Calais-Picardie;France;Centre;2
Creil;Nord-Pas-de-Calais-Picardie;France;Centre;2
Agde;Languedoc-Roussillon-Midi-Pyrénées;France;Centre;2
Denain;Nord-Pas-de-Calais-Picardie;France;Centre;2
Douai;Nord-Pas-de-Calais-Picardie;France;Centre;2
Vichy;Auvergne-Rhône-Alpes;France;Centre;2
Rennes;Bretagne;France;Centre;2
Lunel;Languedoc-Roussillon-Midi-Pyrénées;France;Centre;2
Lormont;Aquitaine-Limousin-Poitou-Charentes;France;Centre;2
Riom;Auvergne-Rhône-Alpes;France;Centre;2
Vence;Provence-Alpes-Côte d'Azur;France;Centre;2
Biarritz;Aquitaine-Limousin-Poitou-Charentes;France;Centre;2
Faches-Thumesnil;Nord-Pas-de-Calais-Picardie;France;Centre;2
Vitrolles;Provence-Alpes-Côte d'Azur;France;Centre;2
Le Pontet;Provence-Alpes-Côte d'Azur;France;Centre;2
Oullins;Auvergne-Rhône-Alpes;France;Centre;2
Flers;Normandie;France;Centre;2
Mauguio;Languedoc-Roussillon-Midi-Pyrénées;France;Centre;2
Pamiers;Languedoc-Roussillon-Midi-Pyrénées;France;Centre;2
Halluin;Nord-Pas-de-Calais-Picardie;France;Centre;2
Hautmont;Nord-Pas-de-Calais-Picardie;France;Centre;2
Dreux;Centre-Val de Loire;France;Centre;2
Hazebrouck;Nord-Pas-de-Calais-Picardie;France;Centre;2
La Teste-de-Buch;Aquitaine-Limousin-Poitou-Charentes;France;Centre;2
Draguignan;Provence-Alpes-Côte d'Azur;France;Centre;2
Givors;Auvergne-Rhône-Alpes;France;Centre;2
Concarneau;Bretagne;France;Centre;2
Fleury-les-Aubrais;Centre-Val de Loire;France;Centre;2
Le Havre;Normandie;France;Centre;2
Hayange;Alsace-Champagne-Ardenne-Lorraine;France;Centre;2
Verdun;Alsace-Champagne-Ardenne-Lorraine;France;Centre;2
Auxerre;Bourgogne-Franche-Comté;France;Centre;2
La Madeleine;Nord-Pas-de-Calais-Picardie;France;Centre;2
Laon;Nord-Pas-de-Calais-Picardie;France;Centre;2
Annemasse;Auvergne-Rhône-Alpes;France;Centre;2
Gardanne;Provence-Alpes-Côte d'Azur;France;Centre;2
Saint-Jean-de-la-Ruelle;Centre-Val de Loire;France;Centre;2
Landerneau;Bretagne;France;Centre;2
Millau;Languedoc-Roussillon-Midi-Pyrénées;France;Centre;2
Bayonne;Aquitaine-Limousin-Poitou-Charentes;France;Centre;2
Sallanches;Auvergne-Rhône-Alpes;France;Centre;2
Cavaillon;Provence-Alpes-Côte d'Azur;France;Centre;2
Vannes;Bretagne;France;Centre;2
Lens;Nord-Pas-de-Calais-Picardie;France;Centre;2
Cestas;Aquitaine-Limousin-Poitou-Charentes;France;Centre;2
Miramas;Provence-Alpes-Côte d'Azur;France;Centre;2
Lille;Nord-Pas-de-Calais-Picardie;France;Centre;2
Tournefeuille;Languedoc-Roussillon-Midi-Pyrénées;France;Centre;2
Gien;Centre-Val de Loire;France;Centre;2
Rillieux-la-Pape;Auvergne-Rhône-Alpes;France;Centre;2
Saint-Louis;Alsace-Champagne-Ardenne-Lorraine;France;Centre;2
La Baule-Escoublac;Pays de la Loire;France;Centre;2
Vertou;Pays de la Loire;France;Centre;2
Bressuire;Aquitaine-Limousin-Poitou-Charentes;France;Centre;2
Ploemeur;Bretagne;France;Centre;2
Olivet;Centre-Val de Loire;France;Centre;2
Lanester;Bretagne;France;Centre;2
Cagnes-sur-Mer;Provence-Alpes-Côte d'Azur;France;Centre;2
Bourgoin-Jallieu;Auvergne-Rhône-Alpes;France;Centre;2
Brive-la-Gaillarde;Aquitaine-Limousin-Poitou-Charentes;France;Centre;2
Illkirch-Graffenstaden;Alsace-Champagne-Ardenne-Lorraine;France;Centre;2
Castelnau-le-Lez;Languedoc-Roussillon-Midi-Pyrénées;France;Centre;2
Saumur;Pays de la Loire;France;Centre;2
Saint-Cyr-sur-Loire;Centre-Val de Loire;France;Centre;2
Saint-Dizier;Alsace-Champagne-Ardenne-Lorraine;France;Centre;2
Le Petit-Quevilly;Normandie;France;Centre;2
Auch;Languedoc-Roussillon-Midi-Pyrénées;France;Centre;2
Troyes;Alsace-Champagne-Ardenne-Lorraine;France;Centre;2
Lingolsheim;Alsace-Champagne-Ardenne-Lorraine;France;Centre;2
Plaisance-du-Touch;Languedoc-Roussillon-Midi-Pyrénées;France;Centre;2
Salon-de-Provence;Provence-Alpes-Côte d'Azur;France;Centre;2
Loos;Nord-Pas-de-Calais-Picardie;France;Centre;2
Lisieux;Normandie;France;Centre;2
Caluire-et-Cuire;Auvergne-Rhône-Alpes;France;Centre;2
Douarnenez;Bretagne;France;Centre;2
Maubeuge;Nord-Pas-de-Calais-Picardie;France;Centre;2
Mons-en-Baroeul;Nord-Pas-de-Calais-Picardie;France;Centre;2
Aix-les-Bains;Auvergne-Rhône-Alpes;France;Centre;2
Nogent-sur-Oise;Nord-Pas-de-Calais-Picardie;France;Centre;2
Vaulx-en-Velin;Auvergne-Rhône-Alpes;France;Centre;2
Poitiers;Aquitaine-Limousin-Poitou-Charentes;France;Centre;2
Louviers;Normandie;France;Centre;2
Outreau;Nord-Pas-de-Calais-Picardie;France;Centre;2
Moulins;Auvergne-Rhône-Alpes;France;Centre;2
Ronchin;Nord-Pas-de-Calais-Picardie;France;Centre;2
La Chapelle-sur-Erdre;Pays de la Loire;France;Centre;2
Mont-Saint-Aignan;Normandie;France;Centre;2
Roubaix;Nord-Pas-de-Calais-Picardie;France;Centre;2
Dole;Bourgogne-Franche-Comté;France;Centre;2
Montbrison;Auvergne-Rhône-Alpes;France;Centre;2
Saint-Quentin;Nord-Pas-de-Calais-Picardie;France;Centre;2
Bergerac;Aquitaine-Limousin-Poitou-Charentes;France;Centre;2
Le Creusot;Bourgogne-Franche-Comté;France;Centre;2
Le Cannet;Provence-Alpes-Côte d'Azur;France;Centre;2
Saint-Pierre-des-Corps;Centre-Val de Loire;France;Centre;2
Blanquefort;Aquitaine-Limousin-Poitou-Charentes;France;Centre;2
Rouen;Normandie;France;Centre;2
Senlis;Nord-Pas-de-Calais-Picardie;France;Centre;2
Soissons;Nord-Pas-de-Calais-Picardie;France;Centre;2
Allauch;Provence-Alpes-Côte d'Azur;France;Centre;2
Sanary-sur-Mer;Provence-Alpes-Côte d'Azur;France;Centre;2
Tourcoing;Nord-Pas-de-Calais-Picardie;France;Centre;2
Montceau-les-Mines;Bourgogne-Franche-Comté;France;Centre;2
Libourne;Aquitaine-Limousin-Poitou-Charentes;France;Centre;2
Annecy-le-Vieux;Auvergne-Rhône-Alpes;France;Centre;2
Lannion;Bretagne;France;Centre;2
Issoire;Auvergne-Rhône-Alpes;France;Centre;2
Valenciennes;Nord-Pas-de-Calais-Picardie;France;Centre;2
Lattes;Languedoc-Roussillon-Midi-Pyrénées;France;Centre;2
Cournon-d'Auvergne;Auvergne-Rhône-Alpes;France;Centre;2
Villeneuve-d'Ascq;Nord-Pas-de-Calais-Picardie;France;Centre;2
Voiron;Auvergne-Rhône-Alpes;France;Centre;2
Wasquehal;Nord-Pas-de-Calais-Picardie;France;Centre;2
Wattrelos;Nord-Pas-de-Calais-Picardie;France;Centre;2
Sorgues;Provence-Alpes-Côte d'Azur;France;Centre;2
Fontenay-le-Comte;Pays de la Loire;France;Centre;2
Vernon;Normandie;France;Centre;2
Aix-la-Chapelle;Rhénanie-du-Nord-Westphalie;Allemagne;Centre;2
Cassel;Hesse;Allemagne;Centre;2
Brandebourg-sur-la-Havel;Brandebourg;Allemagne;Centre;2
Heilbronn;Bade-Wurtemberg;Allemagne;Centre;2
Sonneberg;Thuringe;Allemagne;Centre;2
Mayence;Rhénanie-Palatinat;Allemagne;Centre;2
Karlsruhe;Bade-Wurtemberg;Allemagne;Centre;2
Stuttgart;Bade-Wurtemberg;Allemagne;Centre;2
Nuremberg;Bavière;Allemagne;Centre;2
Hambourg;Hambourg;Allemagne;Centre;2
Wiesbaden;Hesse;Allemagne;Centre;2
Berlin;Berlin;Allemagne;Centre;2
Trèves;Rhénanie-Palatinat;Allemagne;Centre;2
Ulm;Bade-Wurtemberg;Allemagne;Centre;2
Celle;Basse-Saxe;Allemagne;Centre;2
Arnsberg;Rhénanie-du-Nord-Westphalie;Allemagne;Centre;2
Offenbach;Hesse;Allemagne;Centre;2
Munich;Bavière;Allemagne;Centre;2
Chemnitz;Saxe;Allemagne;Centre;2
Bergheim;Rhénanie-du-Nord-Westphalie;Allemagne;Centre;2
Bergisch Gladbach;Rhénanie-du-Nord-Westphalie;Allemagne;Centre;2
Bielefeld;Rhénanie-du-Nord-Westphalie;Allemagne;Centre;2
Dresde;Saxe;Allemagne;Centre;2
Leipzig;Saxe;Allemagne;Centre;2
Bochum;Rhénanie-du-Nord-Westphalie;Allemagne;Centre;2
Pforzheim;Bade-Wurtemberg;Allemagne;Centre;2
Augsbourg;Bavière;Allemagne;Centre;2
Neubrandenbourg;Mecklembourg-Poméranie;Allemagne;Centre;2
Wetzlar;Hesse;Allemagne;Centre;2
Magdebourg;Saxe-Anhalt;Allemagne;Centre;2
Zwickau;Saxe;Allemagne;Centre;2
Baden-Baden;Bade-Wurtemberg;Allemagne;Centre;2
Iéna;Thuringe;Allemagne;Centre;2
Aschaffenbourg;Bavière;Allemagne;Centre;2
Kiel;Schleswig-Holstein;Allemagne;Centre;2
Cuxhaven;Basse-Saxe;Allemagne;Centre;2
Weimar;Thuringe;Allemagne;Centre;2
Langen;Hesse;Allemagne;Centre;2
Sindelfingen;Bade-Wurtemberg;Allemagne;Centre;2
Delmenhorst;Basse-Saxe;Allemagne;Centre;2
Erfurt;Thuringe;Allemagne;Centre;2
Brême;Brême;Allemagne;Centre;2
Ludwigshafen;Rhénanie-Palatinat;Allemagne;Centre;2
Emden;Basse-Saxe;Allemagne;Centre;2
Francfort-sur-le-Main;Hesse;Allemagne;Centre;2
Bonn;Rhénanie-du-Nord-Westphalie;Allemagne;Centre;2
Schwerin;Mecklembourg-Poméranie;Allemagne;Centre;2
Ingolstadt;Bavière;Allemagne;Centre;2
Reutlingen;Bade-Wurtemberg;Allemagne;Centre;2
Bad Waldsee;Bade-Wurtemberg;Allemagne;Centre;2
Halle;Saxe-Anhalt;Allemagne;Centre;2
Friedrichshafen;Bade-Wurtemberg;Allemagne;Centre;2
Worms;Rhénanie-Palatinat;Allemagne;Centre;2
Garbsen;Basse-Saxe;Allemagne;Centre;2
Neu-Ulm;Bavière;Allemagne;Centre;2
Hanovre;Basse-Saxe;Allemagne;Centre;2
Borken;Rhénanie-du-Nord-Westphalie;Allemagne;Centre;2
Bottrop;Rhénanie-du-Nord-Westphalie;Allemagne;Centre;2
Castrop-Rauxel;Rhénanie-du-Nord-Westphalie;Allemagne;Centre;2
Cologne;Rhénanie-du-Nord-Westphalie;Allemagne;Centre;2
Villingen-Schwenningen;Bade-Wurtemberg;Allemagne;Centre;2
Heidelberg;Bade-Wurtemberg;Allemagne;Centre;2
Rostock;Mecklembourg-Poméranie;Allemagne;Centre;2
Schweinfurt;Bavière;Allemagne;Centre;2
Darmstadt;Hesse;Allemagne;Centre;2
Detmold;Rhénanie-du-Nord-Westphalie;Allemagne;Centre;2
Passau;Bavière;Allemagne;Centre;2
Dinslaken;Rhénanie-du-Nord-Westphalie;Allemagne;Centre;2
Günzburg;Bavière;Allemagne;Centre;2
Gera;Thuringe;Allemagne;Centre;2
Dormagen;Rhénanie-du-Nord-Westphalie;Allemagne;Centre;2
Flensbourg;Schleswig-Holstein;Allemagne;Centre;2
Dorsten;Rhénanie-du-Nord-Westphalie;Allemagne;Centre;2
Friedberg;Hesse;Allemagne;Centre;2
Dortmund;Rhénanie-du-Nord-Westphalie;Allemagne;Centre;2
Fribourg-en-Brisgau;Bade-Wurtemberg;Allemagne;Centre;2
Erlangen;Bavière;Allemagne;Centre;2
Cottbus;Brandebourg;Allemagne;Centre;2
Rosenheim;Bavière;Allemagne;Centre;2
Neunkirchen;Sarre;Allemagne;Centre;2
Mannheim;Bade-Wurtemberg;Allemagne;Centre;2
Greifswald;Mecklembourg-Poméranie;Allemagne;Centre;2
Ratisbonne;Bavière;Allemagne;Centre;2
Neuwied;Rhénanie-Palatinat;Allemagne;Centre;2
Eggenstein-Leopoldshafen;Bade-Wurtemberg;Allemagne;Centre;2
Duisbourg;Rhénanie-du-Nord-Westphalie;Allemagne;Centre;2
Fulda;Hesse;Allemagne;Centre;2
Ennigerloh;Rhénanie-du-Nord-Westphalie;Allemagne;Centre;2
Norderstedt;Schleswig-Holstein;Allemagne;Centre;2
Bremerhaven;Brême;Allemagne;Centre;2
Erftstadt;Rhénanie-du-Nord-Westphalie;Allemagne;Centre;2
Essen;Rhénanie-du-Nord-Westphalie;Allemagne;Centre;2
Ludwigsbourg;Bade-Wurtemberg;Allemagne;Centre;2
Aalen;Bade-Wurtemberg;Allemagne;Centre;2
Bamberg;Bavière;Allemagne;Centre;2
Stralsund;Mecklembourg-Poméranie;Allemagne;Centre;2
Euskirchen;Rhénanie-du-Nord-Westphalie;Allemagne;Centre;2
Gelsenkirchen;Rhénanie-du-Nord-Westphalie;Allemagne;Centre;2
Gladbeck;Rhénanie-du-Nord-Westphalie;Allemagne;Centre;2
Grevenbroich;Rhénanie-du-Nord-Westphalie;Allemagne;Centre;2
Gronau;Rhénanie-du-Nord-Westphalie;Allemagne;Centre;2
Gummersbach;Rhénanie-du-Nord-Westphalie;Allemagne;Centre;2
Hagen;Rhénanie-du-Nord-Westphalie;Allemagne;Centre;2
Offenbourg;Bade-Wurtemberg;Allemagne;Centre;2
Coblence;Rhénanie-Palatinat;Allemagne;Centre;2
Hildesheim;Basse-Saxe;Allemagne;Centre;2
Ludwigsfelde;Brandebourg;Allemagne;Centre;2
Hamm;Rhénanie-du-Nord-Westphalie;Allemagne;Centre;2
Langenhagen;Basse-Saxe;Allemagne;Centre;2
Hattingen;Rhénanie-du-Nord-Westphalie;Allemagne;Centre;2
Herford;Rhénanie-du-Nord-Westphalie;Allemagne;Centre;2
Kaiserslautern;Rhénanie-Palatinat;Allemagne;Centre;2
Herne;Rhénanie-du-Nord-Westphalie;Allemagne;Centre;2
Lohne;Basse-Saxe;Allemagne;Centre;2
Herten;Rhénanie-du-Nord-Westphalie;Allemagne;Centre;2
Waiblingen;Bade-Wurtemberg;Allemagne;Centre;2
Naumbourg;Saxe-Anhalt;Allemagne;Centre;2
Hilden;Rhénanie-du-Nord-Westphalie;Allemagne;Centre;2
Iserlohn;Rhénanie-du-Nord-Westphalie;Allemagne;Centre;2
Kerpen;Rhénanie-du-Nord-Westphalie;Allemagne;Centre;2
Krefeld;Rhénanie-du-Nord-Westphalie;Allemagne;Centre;2
Munster;Basse-Saxe;Allemagne;Centre;2
Potsdam;Brandebourg;Allemagne;Centre;2
Langenfeld;Rhénanie-du-Nord-Westphalie;Allemagne;Centre;2
Leverkusen;Rhénanie-du-Nord-Westphalie;Allemagne;Centre;2
Lippstadt;Rhénanie-du-Nord-Westphalie;Allemagne;Centre;2
Marl;Rhénanie-du-Nord-Westphalie;Allemagne;Centre;2
Menden;Rhénanie-du-Nord-Westphalie;Allemagne;Centre;2
Minden;Rhénanie-du-Nord-Westphalie;Allemagne;Centre;2
Moers;Rhénanie-du-Nord-Westphalie;Allemagne;Centre;2
Bayreuth;Bavière;Allemagne;Centre;2
Oberhausen;Rhénanie-du-Nord-Westphalie;Allemagne;Centre;2
Paderborn;Rhénanie-du-Nord-Westphalie;Allemagne;Centre;2
Pulheim;Rhénanie-du-Nord-Westphalie;Allemagne;Centre;2
Ratingen;Rhénanie-du-Nord-Westphalie;Allemagne;Centre;2
Recklinghausen;Rhénanie-du-Nord-Westphalie;Allemagne;Centre;2
Remscheid;Rhénanie-du-Nord-Westphalie;Allemagne;Centre;2
Rheine;Rhénanie-du-Nord-Westphalie;Allemagne;Centre;2
Siegen;Rhénanie-du-Nord-Westphalie;Allemagne;Centre;2
Solingen;Rhénanie-du-Nord-Westphalie;Allemagne;Centre;2
Schiffweiler;Sarre;Allemagne;Centre;2
Stadtlohn;Rhénanie-du-Nord-Westphalie;Allemagne;Centre;2
Stolberg;Rhénanie-du-Nord-Westphalie;Allemagne;Centre;2
Oldenbourg;Basse-Saxe;Allemagne;Centre;2
Troisdorf;Rhénanie-du-Nord-Westphalie;Allemagne;Centre;2
Unna;Rhénanie-du-Nord-Westphalie;Allemagne;Centre;2
Velbert;Rhénanie-du-Nord-Westphalie;Allemagne;Centre;2
Viersen;Rhénanie-du-Nord-Westphalie;Allemagne;Centre;2
Wilhelmshaven;Basse-Saxe;Allemagne;Centre;2
Wolfsbourg;Basse-Saxe;Allemagne;Centre;2
Willich;Rhénanie-du-Nord-Westphalie;Allemagne;Centre;2
Witten;Rhénanie-du-Nord-Westphalie;Allemagne;Centre;2
Wuppertal;Rhénanie-du-Nord-Westphalie;Allemagne;Centre;2
Milan;Lombardie;Italie;Sud;1
Rome;Latium;Italie;Sud;1
Césène;Émilie-Romagne;Italie;Sud;1
Marano di Napoli;Campanie;Italie;Sud;1
Bisceglie;Pouilles;Italie;Sud;1
Moncalieri;Piémont;Italie;Sud;1
Cerignola;Pouilles;Italie;Sud;1
Naples;Campanie;Italie;Sud;1
Trapani;Sicile;Italie;Sud;1
Castellammare di Stabia;Campanie;Italie;Sud;1
Bolzano;Trentin-Haut-Adige;Italie;Sud;1
Tarente;Pouilles;Italie;Sud;1
Messine;Sicile;Italie;Sud;1
Vérone;Vénétie;Italie;Sud;1
Sassari;Sardaigne;Italie;Sud;1
Florence;Toscane;Italie;Sud;1
Ravenne;Émilie-Romagne;Italie;Sud;1
Pouzzoles;Campanie;Italie;Sud;1
Rimini;Émilie-Romagne;Italie;Sud;1
Catane;Sicile;Italie;Sud;1
Monza;Lombardie;Italie;Sud;1
Fiumicino;Latium;Italie;Sud;1
Foggia;Pouilles;Italie;Sud;1
Aprilia;Latium;Italie;Sud;1
Cagliari;Sardaigne;Italie;Sud;1
Bari;Pouilles;Italie;Sud;1
Novare;Piémont;Italie;Sud;1
Ercolano;Campanie;Italie;Sud;1
Molfetta;Pouilles;Italie;Sud;1
Gênes;Ligurie;Italie;Sud;1
Vicence;Vénétie;Italie;Sud;1
Bologne;Émilie-Romagne;Italie;Sud;1
Turin;Piémont;Italie;Sud;1
Sesto San Giovanni;Lombardie;Italie;Sud;1
Modène;Émilie-Romagne;Italie;Sud;1
Trévise;Vénétie;Italie;Sud;1
Pescara;Abruzzes;Italie;Sud;1
Reggio nell'Emilia;Émilie-Romagne;Italie;Sud;1
Acireale;Sicile;Italie;Sud;1
Palerme;Sicile;Italie;Sud;1
Busto Arsizio;Lombardie;Italie;Sud;1
Crotone;Calabre;Italie;Sud;1
Andria;Pouilles;Italie;Sud;1
Modica;Sicile;Italie;Sud;1
Velletri;Latium;Italie;Sud;1
Latina;Latium;Italie;Sud;1
Pistoia;Toscane;Italie;Sud;1
Brescia;Lombardie;Italie;Sud;1
Altamura;Pouilles;Italie;Sud;1
Prato;Toscane;Italie;Sud;1
Battipaglia;Campanie;Italie;Sud;1
Trente;Trentin-Haut-Adige;Italie;Sud;1
Pérouse;Ombrie;Italie;Sud;1
Côme;Lombardie;Italie;Sud;1
Venise;Vénétie;Italie;Sud;1
Anzio;Latium;Italie;Sud;1
Marsala;Sicile;Italie;Sud;1
Legnano;Lombardie;Italie;Sud;1
Grosseto;Toscane;Italie;Sud;1
Guidonia Montecelio;Latium;Italie;Sud;1
Bergame;Lombardie;Italie;Sud;1
Parme;Émilie-Romagne;Italie;Sud;1
Ferrare;Émilie-Romagne;Italie;Sud;1
Barletta;Pouilles;Italie;Sud;1
La Spezia;Ligurie;Italie;Sud;1
Brindisi;Pouilles;Italie;Sud;1
Sienne;Toscane;Italie;Sud;1
Caserte;Campanie;Italie;Sud;1
Plaisance;Émilie-Romagne;Italie;Sud;1
Pesaro;Marches;Italie;Sud;1
Torre del Greco;Campanie;Italie;Sud;1
Bénévent;Campanie;Italie;Sud;1
Raguse;Sicile;Italie;Sud;1
Asti;Piémont;Italie;Sud;1
San Severo;Pouilles;Italie;Sud;1
Portici;Campanie;Italie;Sud;1
Ancône;Marches;Italie;Sud;1
Alexandrie;Piémont;Italie;Sud;1
Crémone;Lombardie;Italie;Sud;1
Rovigo;Vénétie;Italie;Sud;1
Arezzo;Toscane;Italie;Sud;1
Chieti;Abruzzes;Italie;Sud;1
Carrare;Toscane;Italie;Sud;1
Potenza;Basilicate;Italie;Sud;1
Bitonto;Pouilles;Italie;Sud;1
Pomezia;Latium;Italie;Sud;1
Capoue;Campanie;Italie;Sud;1
Lecce;Pouilles;Italie;Sud;1
Lucques;Toscane;Italie;Sud;1
Trieste;Frioul-Vénétie julienne;Italie;Sud;1
Montecatini Terme;Toscane;Italie;Sud;1
Teramo;Abruzzes;Italie;Sud;1
Massa;Toscane;Italie;Sud;1
Fano;Marches;Italie;Sud;1
Imola;Émilie-Romagne;Italie;Sud;1
Manfredonia;Pouilles;Italie;Sud;1
Quartu Sant'Elena;Sardaigne;Italie;Sud;1
Avellino;Campanie;Italie;Sud;1
Agrigente;Sicile;Italie;Sud;1
Faenza;Émilie-Romagne;Italie;Sud;1
Civitavecchia;Latium;Italie;Sud;1
Gela;Sicile;Italie;Sud;1
Cercola;Campanie;Italie;Sud;1
Pise;Toscane;Italie;Sud;1
Viterbe;Latium;Italie;Sud;1
Chioggia;Vénétie;Italie;Sud;1
Treviglio;Lombardie;Italie;Sud;1
Falconara Marittima;Marches;Italie;Sud;1
Tivoli;Latium;Italie;Sud;1
Savone;Ligurie;Italie;Sud;1
Gallarate;Lombardie;Italie;Sud;1
Cosenza;Calabre;Italie;Sud;1
Cuneo;Piémont;Italie;Sud;1
Carpi;Émilie-Romagne;Italie;Sud;1
Trani;Pouilles;Italie;Sud;1
Cinisello Balsamo;Lombardie;Italie;Sud;1
Boscoreale;Campanie;Italie;Sud;1
Varèse;Lombardie;Italie;Sud;1
Vignola;Émilie-Romagne;Italie;Sud;1
Foligno;Ombrie;Italie;Sud;1
Casoria;Campanie;Italie;Sud;1
Vittoria;Sicile;Italie;Sud;1
Afragola;Campanie;Italie;Sud;1
Capannori;Toscane;Italie;Sud;1
Acerra;Campanie;Italie;Sud;1
Vigevano;Lombardie;Italie;Sud;1
Barcelone;Catalogne;Espagne;Sud;1
Puertollano;Castille-La Manche;Espagne;Sud;1
Murcie;Murcie;Espagne;Sud;1
Madrid;Madrid;Espagne;Sud;1
Sabadell;Catalogne;Espagne;Sud;1
Castelldefels;Catalogne;Espagne;Sud;1
Tarragone;Catalogne;Espagne;Sud;1
Santander;Cantabrie;Espagne;Sud;1
San Fernando;Andalousie;Espagne;Sud;1
Saint-Sébastien;Pays Basque;Espagne;Sud;1
Grenade;Andalousie;Espagne;Sud;1
Irún;Pays Basque;Espagne;Sud;1
Estepona;Andalousie;Espagne;Sud;1
Burgos;Castille-et-León;Espagne;Sud;1
Sant Boi de Llobregat;Catalogne;Espagne;Sud;1
Palma de Majorque;Îles Baléares;Espagne;Sud;1
Alicante;Communauté Valencienne;Espagne;Sud;1
Vitoria;Pays Basque;Espagne;Sud;1
Séville;Andalousie;Espagne;Sud;1
Parla;Madrid;Espagne;Sud;1
Benidorm;Communauté Valencienne;Espagne;Sud;1
Elda;Communauté Valencienne;Espagne;Sud;1
Molina de Segura;Murcie;Espagne;Sud;1
Las Rozas de Madrid;Madrid;Espagne;Sud;1
Ceuta;Ceuta;Espagne;Sud;1
Salamanque;Castille-et-León;Espagne;Sud;1
Torrevieja;Communauté Valencienne;Espagne;Sud;1
Albacete;Castille-La Manche;Espagne;Sud;1
Tolède;Castille-La Manche;Espagne;Sud;1
Alcobendas;Madrid;Espagne;Sud;1
Sagonte;Communauté Valencienne;Espagne;Sud;1
Badajoz;Estrémadure;Espagne;Sud;1
Ponferrada;Castille-et-León;Espagne;Sud;1
Marbella;Andalousie;Espagne;Sud;1
Badalona;Catalogne;Espagne;Sud;1
Bilbao;Pays Basque;Espagne;Sud;1
Xérès;Andalousie;Espagne;Sud;1
El Ejido;Andalousie;Espagne;Sud;1
Fuengirola;Andalousie;Espagne;Sud;1
Reus;Catalogne;Espagne;Sud;1
Talavera de la Reina;Castille-La Manche;Espagne;Sud;1
Pampelune;Navarra;Espagne;Sud;1
Valladolid;Castille-et-León;Espagne;Sud;1
Elx;Communauté Valencienne;Espagne;Sud;1
Manresa;Catalogne;Espagne;Sud;1
Zamora;Castille-et-León;Espagne;Sud;1
Coslada;Madrid;Espagne;Sud;1
Gérone;Catalogne;Espagne;Sud;1
El Prat de Llobregat;Catalogne;Espagne;Sud;1
Mijas;Andalousie;Espagne;Sud;1
Fuenlabrada;Madrid;Espagne;Sud;1
Vigo;Galice;Espagne;Sud;1
Dos Hermanas;Andalousie;Espagne;Sud;1
Ponteareas;Galice;Espagne;Sud;1
Getafe;Madrid;Espagne;Sud;1
Lugo;Galice;Espagne;Sud;1
Carthagène;Murcie;Espagne;Sud;1
Getxo;Pays Basque;Espagne;Sud;1
Barakaldo;Pays Basque;Espagne;Sud;1
Torremolinos;Andalousie;Espagne;Sud;1
Cártama;Andalousie;Espagne;Sud;1
Lora del Río;Andalousie;Espagne;Sud;1
Oviedo;Asturies;Espagne;Sud;1
Pontevedra;Galice;Espagne;Sud;1
Majadahonda;Madrid;Espagne;Sud;1
Huelva;Andalousie;Espagne;Sud;1
Granollers;Catalogne;Espagne;Sud;1
Ségovie;Castille-et-León;Espagne;Sud;1
Valdemoro;Madrid;Espagne;Sud;1
Cuenca;Castille-La Manche;Espagne;Sud;1
Saint-Jacques-de-Compostelle;Galice;Espagne;Sud;1
Lorca;Murcie;Espagne;Sud;1
Chiclana de la Frontera;Andalousie;Espagne;Sud;1
Guadalajara;Castille-La Manche;Espagne;Sud;1
Palencia;Castille-et-León;Espagne;Sud;1
Rubí;Catalogne;Espagne;Sud;1
Melilla;Melilla;Espagne;Sud;1
Orihuela;Communauté Valencienne;Espagne;Sud;1
El Escorial;Madrid;Espagne;Sud;1
Gandie;Communauté Valencienne;Espagne;Sud;1
Aberdeen;Écosse;Royaume-Uni;Nord;3
Alkmaar;Hollande-Septentrionale;Pays-Bas;Centre;2
Almelo;Overijssel;Pays-Bas;Centre;2
Nacka;Stockholm;Suède;Nord;3
Hasselt;Limbourg;Belgique;Centre;2
Vienne;Vienne;Autriche;Centre;2
Barry;Pays de Galles;Royaume-Uni;Nord;3
Namur;Namur;Belgique;Centre;2
Alphen aan den Rijn;Hollande-Méridionale;Pays-Bas;Centre;2
Rathcormack;Cork;Irlande;Nord;3
Lisbonne;Lisbonne;Portugal;Sud;1
Upsal;Uppsala;Suède;Nord;3
Stockholm;Stockholm;Suède;Nord;3
Linz;Haute-Autriche;Autriche;Centre;2
Salzbourg;Salzbourg;Autriche;Centre;2
Karlstad;Värmland;Suède;Nord;3
Huddinge;Stockholm;Suède;Nord;3
Amersfoort;Utrecht;Pays-Bas;Centre;2
Amstelveen;Hollande-Septentrionale;Pays-Bas;Centre;2
Amsterdam;Hollande-Septentrionale;Pays-Bas;Centre;2
Turku;Finland Proper;Finlande;Nord;3
Esbjerg;Danemark-du-Sud;Danemark;Nord;3
Porto;Porto;Portugal;Sud;1
Sandnes;Rogaland;Norvège;Nord;3
Anvers;Anvers;Belgique;Centre;2
Zurich;Zurich;Suisse;Centre;2
Espoo;Uusimaa;Finlande;Nord;3
Villach;Carinthie;Autriche;Centre;2
Odense;Danemark-du-Sud;Danemark;Nord;3
Lund;Skåne;Suède;Nord;3
Helsinki;Uusimaa;Finlande;Nord;3
Seraing;Liège;Belgique;Centre;2
Gothembourg;Västra Götaland;Suède;Nord;3
Odivelas;Lisbonne;Portugal;Sud;1
Stavanger;Rogaland;Norvège;Nord;3
Briton Ferry;Pays de Galles;Royaume-Uni;Nord;3
Bergen;Hordaland;Norvège;Nord;3
Charleroi;Hainaut;Belgique;Centre;2
Cardiff;Pays de Galles;Royaume-Uni;Nord;3
Louvain;Brabant Flamand;Belgique;Centre;2
Eskilstuna;Södermanland;Suède;Nord;3
Bruges;Flandre-Occidentale;Belgique;Centre;2
Copenhague;Hovedstaden;Danemark;Nord;3
Graz;Styrie;Autriche;Centre;2
Genève;Genève;Suisse;Centre;2
Oslo;Oslo;Norvège;Nord;3
Gand;Flandre-Orientale;Belgique;Centre;2
Amadora;Lisbonne;Portugal;Sud;1
Winterthour;Zurich;Suisse;Centre;2
Innsbruck;Tyrol;Autriche;Centre;2
Bâle;Bâle-Ville;Suisse;Centre;2
Apeldoorn;Gueldre;Pays-Bas;Centre;2
Cumbernauld;Écosse;Royaume-Uni;Nord;3
Frederiksberg;Hovedstaden;Danemark;Nord;3
Drammen;Buskerud;Norvège;Nord;3
Dundee;Écosse;Royaume-Uni;Nord;3
East Kilbride;Écosse;Royaume-Uni;Nord;3
Upplands Väsby;Stockholm;Suède;Nord;3
Feira;Aveiro;Portugal;Sud;1
Bruxelles;Bruxelles;Belgique;Centre;2
Sønderborg;Danemark-du-Sud;Danemark;Nord;3
Arnhem;Gueldre;Pays-Bas;Centre;2
Assen;Drenthe;Pays-Bas;Centre;2
Barneveld;Gueldre;Pays-Bas;Centre;2
Bergen op Zoom;Brabant-Septentrional;Pays-Bas;Centre;2
Bréda;Brabant-Septentrional;Pays-Bas;Centre;2
Capelle aan den IJssel;Hollande-Méridionale;Pays-Bas;Centre;2
Saint-Gall;Saint-Gall;Suisse;Centre;2
Delft;Hollande-Méridionale;Pays-Bas;Centre;2
Deventer;Overijssel;Pays-Bas;Centre;2
Vantaa;Uusimaa;Finlande;Nord;3
Doetinchem;Gueldre;Pays-Bas;Centre;2
Glasgow;Écosse;Royaume-Uni;Nord;3
Kristiansand;Vest-Agder;Norvège;Nord;3
Dordrecht;Hollande-Méridionale;Pays-Bas;Centre;2
Roulers;Flandre-Occidentale;Belgique;Centre;2
Helsingborg;Skåne;Suède;Nord;3
Dublin;Dublin;Irlande;Nord;3
Halmstad;Halland;Suède;Nord;3
Kotka;Kymenlaakso;Finlande;Nord;3
Malines;Anvers;Belgique;Centre;2
Eindhoven;Brabant-Septentrional;Pays-Bas;Centre;2
Kilwinning;Écosse;Royaume-Uni;Nord;3
Genk;Limbourg;Belgique;Centre;2
Emmen;Drenthe;Pays-Bas;Centre;2
Klagenfurt;Carinthie;Autriche;Centre;2
Vila Nova de Gaia;Porto;Portugal;Sud;1
Enschede;Overijssel;Pays-Bas;Centre;2
Haarlem;Hollande-Septentrionale;Pays-Bas;Centre;2
Livingston;Écosse;Royaume-Uni;Nord;3
Hardenberg;Overijssel;Pays-Bas;Centre;2
Heerlen;Limbourg;Pays-Bas;Centre;2
Solna;Stockholm;Suède;Nord;3
Haninge;Stockholm;Suède;Nord;3
Coimbra;Coimbra;Portugal;Sud;1
Lucerne;Lucerne;Suisse;Centre;2
Helmond;Brabant-Septentrional;Pays-Bas;Centre;2
Wels;Haute-Autriche;Autriche;Centre;2
Hengelo;Overijssel;Pays-Bas;Centre;2
Hilversum;Hollande-Septentrionale;Pays-Bas;Centre;2
Aalst;Flandre-Orientale;Belgique;Centre;2
Tournai;Hainaut;Belgique;Centre;2
Berne;Berne;Suisse;Centre;2
Lausanne;Vaud;Suisse;Centre;2
Braga;Braga;Portugal;Sud;1
Randers;Jutland central;Danemark;Nord;3
Guimarães;Braga;Portugal;Sud;1
Uithoorn;Hollande-Septentrionale;Pays-Bas;Centre;2
Leeuwarden;Frise;Pays-Bas;Centre;2
Rotterdam;Hollande-Méridionale;Pays-Bas;Centre;2
Maastricht;Limbourg;Pays-Bas;Centre;2
Loures;Lisbonne;Portugal;Sud;1
Nieuwegein;Utrecht;Pays-Bas;Centre;2
Mouscron;Hainaut;Belgique;Centre;2
Kalundborg;Zealand;Danemark;Nord;3
Hamme;Flandre-Orientale;Belgique;Centre;2
Peer;Limbourg;Belgique;Centre;2
Verviers;Liège;Belgique;Centre;2
Oss;Brabant-Septentrional;Pays-Bas;Centre;2
Purmerend;Hollande-Septentrionale;Pays-Bas;Centre;2
Roosendaal;Brabant-Septentrional;Pays-Bas;Centre;2
Paisley;Écosse;Royaume-Uni;Nord;3
Landskrona;Skåne;Suède;Nord;3
Schiedam;Hollande-Méridionale;Pays-Bas;Centre;2
Sittard;Limbourg;Pays-Bas;Centre;2
Spijkenisse;Hollande-Méridionale;Pays-Bas;Centre;2
Terneuzen;Zélande;Pays-Bas;Centre;2
Tilburg;Brabant-Septentrional;Pays-Bas;Centre;2
Courtrai;Flandre-Occidentale;Belgique;Centre;2
Utrecht;Utrecht;Pays-Bas;Centre;2
Hamar;Hedmark;Norvège;Nord;3
Swansea;Pays de Galles;Royaume-Uni;Nord;3
Veenendaal;Utrecht;Pays-Bas;Centre;2
Venlo;Limbourg;Pays-Bas;Centre;2
Vlaardingen;Hollande-Méridionale;Pays-Bas;Centre;2
Zeist;Utrecht;Pays-Bas;Centre;2
Athboy;Meath County;Irlande;Nord;3
Ronanstown;South Dublin;Irlande;Nord;3
Zwolle;Overijssel;Pays-Bas;Centre;2
Ashford;Angleterre;Royaume-Uni;Nord;3
Aylesbury;Angleterre;Royaume-Uni;Nord;3
Kildwick;Angleterre;Royaume-Uni;Nord;3
Basildon;Angleterre;Royaume-Uni;Nord;3
Basingstoke;Angleterre;Royaume-Uni;Nord;3
Bath;Angleterre;Royaume-Uni;Nord;3
Bebington;Angleterre;Royaume-Uni;Nord;3
Bedford;Angleterre;Royaume-Uni;Nord;3
Bideford;Angleterre;Royaume-Uni;Nord;3
Birkenhead;Angleterre;Royaume-Uni;Nord;3
Birmingham;Angleterre;Royaume-Uni;Nord;3
Blackburn;Angleterre;Royaume-Uni;Nord;3
Blackpool;Angleterre;Royaume-Uni;Nord;3
Bognor Regis;Angleterre;Royaume-Uni;Nord;3
Borrowby;Angleterre;Royaume-Uni;Nord;3
Bournemouth;Angleterre;Royaume-Uni;Nord;3
Bracknell;Angleterre;Royaume-Uni;Nord;3
Brompton;Angleterre;Royaume-Uni;Nord;3
Brighton;Angleterre;Royaume-Uni;Nord;3
Bristol;Angleterre;Royaume-Uni;Nord;3
Burnley;Angleterre;Royaume-Uni;Nord;3
Bury;Angleterre;Royaume-Uni;Nord;3
Cambridge;Angleterre;Royaume-Uni;Nord;3
Carlisle;Angleterre;Royaume-Uni;Nord;3
Chatham;Angleterre;Royaume-Uni;Nord;3
Chelmsford;Angleterre;Royaume-Uni;Nord;3
Cheltenham;Angleterre;Royaume-Uni;Nord;3
Chester;Angleterre;Royaume-Uni;Nord;3
Chesterfield;Angleterre;Royaume-Uni;Nord;3
Colchester;Angleterre;Royaume-Uni;Nord;3
Coventry;Angleterre;Royaume-Uni;Nord;3
Crewe;Angleterre;Royaume-Uni;Nord;3
Darlington;Angleterre;Royaume-Uni;Nord;3
Dartford;Angleterre;Royaume-Uni;Nord;3
Derby;Angleterre;Royaume-Uni;Nord;3
Dewsbury;Angleterre;Royaume-Uni;Nord;3
Doncaster;Angleterre;Royaume-Uni;Nord;3
Dronfield;Angleterre;Royaume-Uni;Nord;3
Dudley;Angleterre;Royaume-Uni;Nord;3
Dunstable;Angleterre;Royaume-Uni;Nord;3
Eastbourne;Angleterre;Royaume-Uni;Nord;3
Exeter;Angleterre;Royaume-Uni;Nord;3
Fareham;Angleterre;Royaume-Uni;Nord;3
Garforth;Angleterre;Royaume-Uni;Nord;3
Gateshead;Angleterre;Royaume-Uni;Nord;3
Gillingham;Angleterre;Royaume-Uni;Nord;3
Gloucester;Angleterre;Royaume-Uni;Nord;3
Gosport;Angleterre;Royaume-Uni;Nord;3
Great Yarmouth;Angleterre;Royaume-Uni;Nord;3
Guildford;Angleterre;Royaume-Uni;Nord;3
Halesowen;Angleterre;Royaume-Uni;Nord;3
Halifax;Angleterre;Royaume-Uni;Nord;3
Harlow;Angleterre;Royaume-Uni;Nord;3
Harrogate;Angleterre;Royaume-Uni;Nord;3
Hartlepool;Angleterre;Royaume-Uni;Nord;3
Hastings;Angleterre;Royaume-Uni;Nord;3
Hereford;Angleterre;Royaume-Uni;Nord;3
Hinckley;Angleterre;Royaume-Uni;Nord;3
Hove;Angleterre;Royaume-Uni;Nord;3
Huddersfield;Angleterre;Royaume-Uni;Nord;3
Ipswich;Angleterre;Royaume-Uni;Nord;3
Kettering;Angleterre;Royaume-Uni;Nord;3
Kidderminster;Angleterre;Royaume-Uni;Nord;3
Leeds;Angleterre;Royaume-Uni;Nord;3
Leicester;Angleterre;Royaume-Uni;Nord;3
Letchworth;Angleterre;Royaume-Uni;Nord;3
Lincoln;Angleterre;Royaume-Uni;Nord;3
Littlehampton;Angleterre;Royaume-Uni;Nord;3
Liverpool;Angleterre;Royaume-Uni;Nord;3
London;Angleterre;Royaume-Uni;Nord;3
Manchester;Angleterre;Royaume-Uni;Nord;3
Luton;Angleterre;Royaume-Uni;Nord;3
Maidstone;Angleterre;Royaume-Uni;Nord;3
Mansfield;Angleterre;Royaume-Uni;Nord;3
Morley;Angleterre;Royaume-Uni;Nord;3
Middlesbrough;Angleterre;Royaume-Uni;Nord;3
Newcastle-upon-Tyne;Angleterre;Royaume-Uni;Nord;3
Northampton;Angleterre;Royaume-Uni;Nord;3
Northwich;Angleterre;Royaume-Uni;Nord;3
Norwich;Angleterre;Royaume-Uni;Nord;3
Nottingham;Angleterre;Royaume-Uni;Nord;3
Nuneaton;Angleterre;Royaume-Uni;Nord;3
Oldham;Angleterre;Royaume-Uni;Nord;3
Oxford;Angleterre;Royaume-Uni;Nord;3
Peterborough;Angleterre;Royaume-Uni;Nord;3
Plymouth;Angleterre;Royaume-Uni;Nord;3
Poole;Angleterre;Royaume-Uni;Nord;3
Portsmouth;Angleterre;Royaume-Uni;Nord;3
Preston;Angleterre;Royaume-Uni;Nord;3
Reading;Angleterre;Royaume-Uni;Nord;3
Redditch;Angleterre;Royaume-Uni;Nord;3
Rotherham;Angleterre;Royaume-Uni;Nord;3
Rottingdean;Angleterre;Royaume-Uni;Nord;3
Rugby;Angleterre;Royaume-Uni;Nord;3
Sheffield;Angleterre;Royaume-Uni;Nord;3
Shrewsbury;Angleterre;Royaume-Uni;Nord;3
Slough;Angleterre;Royaume-Uni;Nord;3
Solihull;Angleterre;Royaume-Uni;Nord;3
South Shields;Angleterre;Royaume-Uni;Nord;3
Southampton;Angleterre;Royaume-Uni;Nord;3
Southend-on-Sea;Angleterre;Royaume-Uni;Nord;3
Southport;Angleterre;Royaume-Uni;Nord;3
Stafford;Angleterre;Royaume-Uni;Nord;3
Stevenage;Angleterre;Royaume-Uni;Nord;3
Stockport;Angleterre;Royaume-Uni;Nord;3
Stoke-on-Trent;Angleterre;Royaume-Uni;Nord;3
Stourbridge;Angleterre;Royaume-Uni;Nord;3
Sunderland;Angleterre;Royaume-Uni;Nord;3
Swindon;Angleterre;Royaume-Uni;Nord;3
Tamworth;Angleterre;Royaume-Uni;Nord;3
Wakefield;Angleterre;Royaume-Uni;Nord;3
Wallasey;Angleterre;Royaume-Uni;Nord;3
Walsall;Angleterre;Royaume-Uni;Nord;3
Warrington;Angleterre;Royaume-Uni;Nord;3
Washington;Angleterre;Royaume-Uni;Nord;3
Watford;Angleterre;Royaume-Uni;Nord;3
West Bromwich;Angleterre;Royaume-Uni;Nord;3
Weston-super-Mare;Angleterre;Royaume-Uni;Nord;3
Wigan;Angleterre;Royaume-Uni;Nord;3
Woking;Angleterre;Royaume-Uni;Nord;3
Wolverhampton;Angleterre;Royaume-Uni;Nord;3
Worcester;Angleterre;Royaume-Uni;Nord;3
Worthing;Angleterre;Royaume-Uni;Nord;3
York;Angleterre;Royaume-Uni;Nord;3
